<?xml version="1.0" encoding="UTF-8"?>

<CodeSystem xmlns="http://hl7.org/fhir">
  <id value="no-kodeverk-8306.codesystem"/>
  <text>
    <status value="generated"/><div xmlns="http://www.w3.org/1999/xhtml"><p class="res-header-id"><b>Generated Narrative: CodeSystem no-kodeverk-8306.codesystem</b></p><a name="no-kodeverk-8306.codesystem"> </a><a name="hcno-kodeverk-8306.codesystem"> </a><p>This case-sensitive code system <code>http://helsedir.no/fhir/CodeSystem/no-kodeverk-8306</code> defines the following codes:</p><table class="codes"><tr><td style="white-space:nowrap"><b>Code</b></td><td><b>Display</b></td></tr><tr><td style="white-space:nowrap">0<a name="no-kodeverk-8306.codesystem-0"> </a></td><td>Øyeblikkelig hjelp</td></tr><tr><td style="white-space:nowrap">3<a name="no-kodeverk-8306.codesystem-3"> </a></td><td>Haster (elektiv)</td></tr><tr><td style="white-space:nowrap">N<a name="no-kodeverk-8306.codesystem-N"> </a></td><td>Elektiv/Ordinær (elektiv)</td></tr><tr><td style="white-space:nowrap">PK<a name="no-kodeverk-8306.codesystem-PK"> </a></td><td>Pakkeforløp for kreft (elektiv)</td></tr></table></div>
  </text>
  <url value="http://helsedir.no/fhir/CodeSystem/no-kodeverk-8306"/>
  <identifier>
    <system value="urn:ietf:rfc:3986"/>
    <value value="urn:oid:2.16.578.1.12.4.1.1.8306"/>
  </identifier>
  <version value="0.0.1"/>
  <name value="NoKodeverk8306"/>
  <title value="8306 Hastegrad henvisning"/>
  <status value="active"/>
  <date value="2018-01-03"/>
  <publisher value="Linn Brandt"/>
  <contact>
    <name value="Linn Brandt"/>
    <telecom>
      <system value="url"/>
      <value value="https://github.com/bralinn"/>
    </telecom>
  </contact>
  <description value="Hastegrad for henvisning ifølge Nasjonal veileder for henvisninger til spesialisthelsetjenesten."/>
  <jurisdiction>
    <coding>
      <system value="urn:iso:std:iso:3166"/>
      <code value="NO"/>
      <display value="Norway"/>
    </coding>
  </jurisdiction>
  <caseSensitive value="true"/>
  <compositional value="false"/>
  <content value="complete"/>
  <count value="4"/>
  <concept>
    <code value="0"/>
    <display value="Øyeblikkelig hjelp"/>
  </concept>
  <concept>
    <code value="3"/>
    <display value="Haster (elektiv)"/>
  </concept>
  <concept>
    <code value="N"/>
    <display value="Elektiv/Ordinær (elektiv)"/>
  </concept>
  <concept>
    <code value="PK"/>
    <display value="Pakkeforløp for kreft (elektiv)"/>
  </concept>
</CodeSystem>