{
  "resourceType" : "ImplementationGuide",
  "id" : "hl7.fhir.no.LinnTest",
  "text" : {
    "status" : "generated",
    "div" : "<div xmlns=\"http://www.w3.org/1999/xhtml\"><p class=\"res-header-id\"><b>Generated Narrative: ImplementationGuide hl7.fhir.no.LinnTest</b></p><a name=\"hl7.fhir.no.LinnTest\"> </a><a name=\"hchl7.fhir.no.LinnTest\"> </a><h2>LinnTest</h2><p>The official URL for this implementation guide is: </p><pre>http://hl7.no/fhir/ig/LinnTest/ImplementationGuide/hl7.fhir.no.LinnTest</pre><div><p>Implementasjonsguide for å teste ut for eHiN Hackaton</p>\n</div></div>"
  },
  "url" : "http://hl7.no/fhir/ig/LinnTest/ImplementationGuide/hl7.fhir.no.LinnTest",
  "version" : "0.0.1",
  "name" : "LinnTest",
  "title" : "LinnTest",
  "status" : "draft",
  "date" : "2025-11-10T13:37:27+00:00",
  "publisher" : "Linn Brandt",
  "contact" : [{
    "name" : "Linn Brandt",
    "telecom" : [{
      "system" : "url",
      "value" : "https://github.com/bralinn"
    }]
  }],
  "description" : "Implementasjonsguide for å teste ut for eHiN Hackaton",
  "jurisdiction" : [{
    "coding" : [{
      "system" : "urn:iso:std:iso:3166",
      "code" : "NO",
      "display" : "Norway"
    }]
  }],
  "packageId" : "hl7.fhir.no.LinnTest",
  "license" : "CC0-1.0",
  "fhirVersion" : ["6.0.0-ballot3"],
  "dependsOn" : [{
    "id" : "hl7tx",
    "extension" : [{
      "url" : "http://hl7.org/fhir/tools/StructureDefinition/implementationguide-dependency-comment",
      "valueMarkdown" : "Automatically added as a dependency - all IGs depend on HL7 Terminology"
    }],
    "uri" : "http://terminology.hl7.org/ImplementationGuide/hl7.terminology",
    "packageId" : "hl7.terminology.r5",
    "version" : "6.5.0"
  },
  {
    "id" : "hl7ext",
    "extension" : [{
      "url" : "http://hl7.org/fhir/tools/StructureDefinition/implementationguide-dependency-comment",
      "valueMarkdown" : "Automatically added as a dependency - all IGs depend on the HL7 Extension Pack"
    }],
    "uri" : "http://hl7.org/fhir/extensions/ImplementationGuide/hl7.fhir.uv.extensions",
    "packageId" : "hl7.fhir.uv.extensions.r5",
    "version" : "5.2.0"
  }],
  "definition" : {
    "extension" : [{
      "url" : "http://hl7.org/fhir/tools/StructureDefinition/ig-internal-dependency",
      "valueCode" : "hl7.fhir.uv.tools.r5#0.8.0"
    }],
    "resource" : [{
      "extension" : [{
        "url" : "http://hl7.org/fhir/tools/StructureDefinition/resource-information",
        "valueString" : "StructureDefinition:resource"
      }],
      "reference" : {
        "reference" : "StructureDefinition/mal-observation-blodprove"
      },
      "name" : "Blodprøve",
      "description" : "Profil for vanlige blodprøver",
      "isExample" : false
    },
    {
      "extension" : [{
        "url" : "http://hl7.org/fhir/tools/StructureDefinition/resource-information",
        "valueString" : "StructureDefinition:resource"
      }],
      "reference" : {
        "reference" : "StructureDefinition/no-Linn-Encounter"
      },
      "name" : "Linns Test Encounter",
      "description" : "The encounter associated with Linns test.",
      "isExample" : false
    },
    {
      "extension" : [{
        "url" : "http://hl7.org/fhir/tools/StructureDefinition/resource-information",
        "valueString" : "StructureDefinition:resource"
      }],
      "reference" : {
        "reference" : "StructureDefinition/mal-patient"
      },
      "name" : "Pasient",
      "description" : "Informasjon om pasienten, basert på no-basis.",
      "isExample" : false
    },
    {
      "extension" : [{
        "url" : "http://hl7.org/fhir/tools/StructureDefinition/resource-information",
        "valueString" : "Patient"
      }],
      "reference" : {
        "reference" : "Patient/Pasient-1"
      },
      "name" : "Pasient-1",
      "description" : "Eksempel på norsk pasient med fødselsnummer, navn og kontaktinformasjon",
      "isExample" : true,
      "profile" : ["http://hl7.no/fhir/ig/LinnTest/StructureDefinition/mal-patient"]
    }],
    "page" : {
      "sourceUrl" : "toc.html",
      "name" : "toc.html",
      "title" : "Table of Contents",
      "generation" : "html",
      "page" : [{
        "sourceUrl" : "index.html",
        "name" : "index.html",
        "title" : "Home",
        "generation" : "markdown"
      }]
    },
    "parameter" : [{
      "code" : {
        "system" : "http://hl7.org/fhir/tools/CodeSystem/ig-parameters",
        "code" : "copyrightyear"
      },
      "value" : "2025+"
    },
    {
      "code" : {
        "system" : "http://hl7.org/fhir/tools/CodeSystem/ig-parameters",
        "code" : "releaselabel"
      },
      "value" : "ci-build"
    },
    {
      "code" : {
        "system" : "http://hl7.org/fhir/tools/CodeSystem/ig-parameters",
        "code" : "autoload-resources"
      },
      "value" : "true"
    },
    {
      "code" : {
        "system" : "http://hl7.org/fhir/guide-parameter-code",
        "code" : "path-resource"
      },
      "value" : "input/capabilities"
    },
    {
      "code" : {
        "system" : "http://hl7.org/fhir/guide-parameter-code",
        "code" : "path-resource"
      },
      "value" : "input/examples"
    },
    {
      "code" : {
        "system" : "http://hl7.org/fhir/guide-parameter-code",
        "code" : "path-resource"
      },
      "value" : "input/extensions"
    },
    {
      "code" : {
        "system" : "http://hl7.org/fhir/guide-parameter-code",
        "code" : "path-resource"
      },
      "value" : "input/models"
    },
    {
      "code" : {
        "system" : "http://hl7.org/fhir/guide-parameter-code",
        "code" : "path-resource"
      },
      "value" : "input/operations"
    },
    {
      "code" : {
        "system" : "http://hl7.org/fhir/guide-parameter-code",
        "code" : "path-resource"
      },
      "value" : "input/profiles"
    },
    {
      "code" : {
        "system" : "http://hl7.org/fhir/guide-parameter-code",
        "code" : "path-resource"
      },
      "value" : "input/resources"
    },
    {
      "code" : {
        "system" : "http://hl7.org/fhir/guide-parameter-code",
        "code" : "path-resource"
      },
      "value" : "input/vocabulary"
    },
    {
      "code" : {
        "system" : "http://hl7.org/fhir/guide-parameter-code",
        "code" : "path-resource"
      },
      "value" : "input/maps"
    },
    {
      "code" : {
        "system" : "http://hl7.org/fhir/guide-parameter-code",
        "code" : "path-resource"
      },
      "value" : "input/testing"
    },
    {
      "code" : {
        "system" : "http://hl7.org/fhir/guide-parameter-code",
        "code" : "path-resource"
      },
      "value" : "input/history"
    },
    {
      "code" : {
        "system" : "http://hl7.org/fhir/guide-parameter-code",
        "code" : "path-resource"
      },
      "value" : "fsh-generated/resources"
    },
    {
      "code" : {
        "system" : "http://hl7.org/fhir/guide-parameter-code",
        "code" : "path-pages"
      },
      "value" : "template/config"
    },
    {
      "code" : {
        "system" : "http://hl7.org/fhir/guide-parameter-code",
        "code" : "path-pages"
      },
      "value" : "input/images"
    },
    {
      "code" : {
        "system" : "http://hl7.org/fhir/tools/CodeSystem/ig-parameters",
        "code" : "path-liquid"
      },
      "value" : "template/liquid"
    },
    {
      "code" : {
        "system" : "http://hl7.org/fhir/tools/CodeSystem/ig-parameters",
        "code" : "path-liquid"
      },
      "value" : "input/liquid"
    },
    {
      "code" : {
        "system" : "http://hl7.org/fhir/tools/CodeSystem/ig-parameters",
        "code" : "path-qa"
      },
      "value" : "temp/qa"
    },
    {
      "code" : {
        "system" : "http://hl7.org/fhir/tools/CodeSystem/ig-parameters",
        "code" : "path-temp"
      },
      "value" : "temp/pages"
    },
    {
      "code" : {
        "system" : "http://hl7.org/fhir/tools/CodeSystem/ig-parameters",
        "code" : "path-output"
      },
      "value" : "output"
    },
    {
      "code" : {
        "system" : "http://hl7.org/fhir/guide-parameter-code",
        "code" : "path-tx-cache"
      },
      "value" : "input-cache/txcache"
    },
    {
      "code" : {
        "system" : "http://hl7.org/fhir/tools/CodeSystem/ig-parameters",
        "code" : "path-suppressed-warnings"
      },
      "value" : "input/ignoreWarnings.txt"
    },
    {
      "code" : {
        "system" : "http://hl7.org/fhir/tools/CodeSystem/ig-parameters",
        "code" : "path-history"
      },
      "value" : "http://hl7.no/fhir/ig/LinnTest/history.html"
    },
    {
      "code" : {
        "system" : "http://hl7.org/fhir/tools/CodeSystem/ig-parameters",
        "code" : "template-html"
      },
      "value" : "template-page.html"
    },
    {
      "code" : {
        "system" : "http://hl7.org/fhir/tools/CodeSystem/ig-parameters",
        "code" : "template-md"
      },
      "value" : "template-page-md.html"
    },
    {
      "code" : {
        "system" : "http://hl7.org/fhir/tools/CodeSystem/ig-parameters",
        "code" : "apply-contact"
      },
      "value" : "true"
    },
    {
      "code" : {
        "system" : "http://hl7.org/fhir/tools/CodeSystem/ig-parameters",
        "code" : "apply-context"
      },
      "value" : "true"
    },
    {
      "code" : {
        "system" : "http://hl7.org/fhir/tools/CodeSystem/ig-parameters",
        "code" : "apply-copyright"
      },
      "value" : "true"
    },
    {
      "code" : {
        "system" : "http://hl7.org/fhir/tools/CodeSystem/ig-parameters",
        "code" : "apply-jurisdiction"
      },
      "value" : "true"
    },
    {
      "code" : {
        "system" : "http://hl7.org/fhir/tools/CodeSystem/ig-parameters",
        "code" : "apply-license"
      },
      "value" : "true"
    },
    {
      "code" : {
        "system" : "http://hl7.org/fhir/tools/CodeSystem/ig-parameters",
        "code" : "apply-publisher"
      },
      "value" : "true"
    },
    {
      "code" : {
        "system" : "http://hl7.org/fhir/tools/CodeSystem/ig-parameters",
        "code" : "apply-version"
      },
      "value" : "true"
    },
    {
      "code" : {
        "system" : "http://hl7.org/fhir/tools/CodeSystem/ig-parameters",
        "code" : "apply-wg"
      },
      "value" : "true"
    },
    {
      "code" : {
        "system" : "http://hl7.org/fhir/tools/CodeSystem/ig-parameters",
        "code" : "active-tables"
      },
      "value" : "true"
    },
    {
      "code" : {
        "system" : "http://hl7.org/fhir/tools/CodeSystem/ig-parameters",
        "code" : "fmm-definition"
      },
      "value" : "http://hl7.org/fhir/versions.html#maturity"
    },
    {
      "code" : {
        "system" : "http://hl7.org/fhir/tools/CodeSystem/ig-parameters",
        "code" : "propagate-status"
      },
      "value" : "true"
    },
    {
      "code" : {
        "system" : "http://hl7.org/fhir/tools/CodeSystem/ig-parameters",
        "code" : "excludelogbinaryformat"
      },
      "value" : "true"
    },
    {
      "code" : {
        "system" : "http://hl7.org/fhir/tools/CodeSystem/ig-parameters",
        "code" : "tabbed-snapshots"
      },
      "value" : "true"
    }]
  }
}