<?xml version="1.0" encoding="UTF-8"?><ImplementationGuide xmlns="http://hl7.org/fhir"><id value="hl7.fhir.no.LinnTest"/><text><status value="generated"/><div xmlns="http://www.w3.org/1999/xhtml"><p class="res-header-id"><b>Generated Narrative: ImplementationGuide hl7.fhir.no.LinnTest</b></p><a name="hl7.fhir.no.LinnTest"> </a><a name="hchl7.fhir.no.LinnTest"> </a><h2>LinnTest</h2><p>The official URL for this implementation guide is: </p><pre>http://hl7.no/fhir/ig/LinnTest/ImplementationGuide/hl7.fhir.no.LinnTest</pre><div><p>Implementasjonsguide for å teste ut for eHiN Hackaton</p>
</div></div></text><url value="http://hl7.no/fhir/ig/LinnTest/ImplementationGuide/hl7.fhir.no.LinnTest"/><version value="0.0.1"/><name value="LinnTest"/><title value="LinnTest"/><status value="draft"/><date value="2025-11-10T13:37:27+00:00"/><publisher value="Linn Brandt"/><contact><name value="Linn Brandt"/><telecom><system value="url"/><value value="https://github.com/bralinn"/></telecom></contact><description value="Implementasjonsguide for å teste ut for eHiN Hackaton"/><jurisdiction><coding><system value="urn:iso:std:iso:3166"/><code value="NO"/><display value="Norway"/></coding></jurisdiction><packageId value="hl7.fhir.no.LinnTest"/><license value="CC0-1.0"/><fhirVersion value="6.0.0-ballot3"/><dependsOn id="hl7tx"><extension url="http://hl7.org/fhir/tools/StructureDefinition/implementationguide-dependency-comment"><valueMarkdown value="Automatically added as a dependency - all IGs depend on HL7 Terminology"/></extension><uri value="http://terminology.hl7.org/ImplementationGuide/hl7.terminology"/><packageId value="hl7.terminology.r5"/><version value="6.5.0"/></dependsOn><dependsOn id="hl7ext"><extension url="http://hl7.org/fhir/tools/StructureDefinition/implementationguide-dependency-comment"><valueMarkdown value="Automatically added as a dependency - all IGs depend on the HL7 Extension Pack"/></extension><uri value="http://hl7.org/fhir/extensions/ImplementationGuide/hl7.fhir.uv.extensions"/><packageId value="hl7.fhir.uv.extensions.r5"/><version value="5.2.0"/></dependsOn><definition><extension url="http://hl7.org/fhir/tools/StructureDefinition/ig-internal-dependency"><valueCode value="hl7.fhir.uv.tools.r5#0.8.0"/></extension><grouping id="-str-profile"><name value="Structures: Resource Profiles"/><description value="These define constraints on FHIR resources for systems conforming to this implementation guide."/></grouping><grouping id="-ex-example"><name value="Example: Example Instances"/><description value="These are example instances that show what data produced and consumed by systems conforming with this implementation guide might look like."/></grouping><resource><extension url="http://hl7.org/fhir/tools/StructureDefinition/resource-sort"><valueInteger value="999999999"/></extension><extension url="http://hl7.org/fhir/StructureDefinition/implementationguide-page"><valueUri value="StructureDefinition-mal-observation-blodprove.html"/></extension><reference><reference value="StructureDefinition/mal-observation-blodprove"/></reference><name value="Blodprøve"/><description value="Profil for vanlige blodprøver"/><isExample value="false"/><groupingId value="-str-profile"/></resource><resource><extension url="http://hl7.org/fhir/tools/StructureDefinition/resource-sort"><valueInteger value="999999999"/></extension><extension url="http://hl7.org/fhir/StructureDefinition/implementationguide-page"><valueUri value="StructureDefinition-no-Linn-Encounter.html"/></extension><reference><reference value="StructureDefinition/no-Linn-Encounter"/></reference><name value="Linns Test Encounter"/><description value="The encounter associated with Linns test."/><isExample value="false"/><groupingId value="-str-profile"/></resource><resource><extension url="http://hl7.org/fhir/tools/StructureDefinition/resource-sort"><valueInteger value="999999999"/></extension><extension url="http://hl7.org/fhir/StructureDefinition/implementationguide-page"><valueUri value="StructureDefinition-mal-patient.html"/></extension><reference><reference value="StructureDefinition/mal-patient"/></reference><name value="Pasient"/><description value="Informasjon om pasienten, basert på no-basis."/><isExample value="false"/><groupingId value="-str-profile"/></resource><resource><extension url="http://hl7.org/fhir/tools/StructureDefinition/resource-sort"><valueInteger value="999999999"/></extension><extension url="http://hl7.org/fhir/StructureDefinition/implementationguide-page"><valueUri value="Patient-Pasient-1.html"/></extension><reference><reference value="Patient/Pasient-1"/></reference><name value="Pasient-1"/><description value="Eksempel på norsk pasient med fødselsnummer, navn og kontaktinformasjon"/><isExample value="true"/><profile value="http://hl7.no/fhir/ig/LinnTest/StructureDefinition/mal-patient"/><groupingId value="-ex-example"/></resource><page><sourceUrl value="toc.html"/><name value="toc.html"/><title value="Table of Contents"/><generation value="html"/><page><sourceUrl value="index.html"/><name value="index.html"/><title value="Home"/><generation value="markdown"/></page><page><sourceUrl value="artifacts.html"/><name value="artifacts.html"/><title value="Artifacts Summary"/><generation value="html"/><page><sourceUrl value="StructureDefinition-mal-observation-blodprove.html"/><name value="StructureDefinition-mal-observation-blodprove.html"/><title value="Blodprøve"/><generation value="generated"/></page><page><sourceUrl value="StructureDefinition-no-Linn-Encounter.html"/><name value="StructureDefinition-no-Linn-Encounter.html"/><title value="Linns Test Encounter"/><generation value="generated"/></page><page><sourceUrl value="StructureDefinition-mal-patient.html"/><name value="StructureDefinition-mal-patient.html"/><title value="Pasient"/><generation value="generated"/></page><page><sourceUrl value="Patient-Pasient-1.html"/><name value="Patient-Pasient-1.html"/><title value="Pasient-1"/><generation value="generated"/></page></page></page><parameter><code><system value="http://hl7.org/fhir/tools/CodeSystem/ig-parameters"/><code value="copyrightyear"/></code><value value="2025+"/></parameter><parameter><code><system value="http://hl7.org/fhir/tools/CodeSystem/ig-parameters"/><code value="releaselabel"/></code><value value="ci-build"/></parameter><parameter><code><system value="http://hl7.org/fhir/tools/CodeSystem/ig-parameters"/><code value="autoload-resources"/></code><value value="true"/></parameter><parameter><code><system value="http://hl7.org/fhir/guide-parameter-code"/><code value="path-resource"/></code><value value="input/capabilities"/></parameter><parameter><code><system value="http://hl7.org/fhir/guide-parameter-code"/><code value="path-resource"/></code><value value="input/examples"/></parameter><parameter><code><system value="http://hl7.org/fhir/guide-parameter-code"/><code value="path-resource"/></code><value value="input/extensions"/></parameter><parameter><code><system value="http://hl7.org/fhir/guide-parameter-code"/><code value="path-resource"/></code><value value="input/models"/></parameter><parameter><code><system value="http://hl7.org/fhir/guide-parameter-code"/><code value="path-resource"/></code><value value="input/operations"/></parameter><parameter><code><system value="http://hl7.org/fhir/guide-parameter-code"/><code value="path-resource"/></code><value value="input/profiles"/></parameter><parameter><code><system value="http://hl7.org/fhir/guide-parameter-code"/><code value="path-resource"/></code><value value="input/resources"/></parameter><parameter><code><system value="http://hl7.org/fhir/guide-parameter-code"/><code value="path-resource"/></code><value value="input/vocabulary"/></parameter><parameter><code><system value="http://hl7.org/fhir/guide-parameter-code"/><code value="path-resource"/></code><value value="input/maps"/></parameter><parameter><code><system value="http://hl7.org/fhir/guide-parameter-code"/><code value="path-resource"/></code><value value="input/testing"/></parameter><parameter><code><system value="http://hl7.org/fhir/guide-parameter-code"/><code value="path-resource"/></code><value value="input/history"/></parameter><parameter><code><system value="http://hl7.org/fhir/guide-parameter-code"/><code value="path-resource"/></code><value value="fsh-generated/resources"/></parameter><parameter><code><system value="http://hl7.org/fhir/guide-parameter-code"/><code value="path-pages"/></code><value value="template/config"/></parameter><parameter><code><system value="http://hl7.org/fhir/guide-parameter-code"/><code value="path-pages"/></code><value value="input/images"/></parameter><parameter><code><system value="http://hl7.org/fhir/tools/CodeSystem/ig-parameters"/><code value="path-liquid"/></code><value value="template/liquid"/></parameter><parameter><code><system value="http://hl7.org/fhir/tools/CodeSystem/ig-parameters"/><code value="path-liquid"/></code><value value="input/liquid"/></parameter><parameter><code><system value="http://hl7.org/fhir/tools/CodeSystem/ig-parameters"/><code value="path-qa"/></code><value value="temp/qa"/></parameter><parameter><code><system value="http://hl7.org/fhir/tools/CodeSystem/ig-parameters"/><code value="path-temp"/></code><value value="temp/pages"/></parameter><parameter><code><system value="http://hl7.org/fhir/tools/CodeSystem/ig-parameters"/><code value="path-output"/></code><value value="output"/></parameter><parameter><code><system value="http://hl7.org/fhir/guide-parameter-code"/><code value="path-tx-cache"/></code><value value="input-cache/txcache"/></parameter><parameter><code><system value="http://hl7.org/fhir/tools/CodeSystem/ig-parameters"/><code value="path-suppressed-warnings"/></code><value value="input/ignoreWarnings.txt"/></parameter><parameter><code><system value="http://hl7.org/fhir/tools/CodeSystem/ig-parameters"/><code value="path-history"/></code><value value="http://hl7.no/fhir/ig/LinnTest/history.html"/></parameter><parameter><code><system value="http://hl7.org/fhir/tools/CodeSystem/ig-parameters"/><code value="template-html"/></code><value value="template-page.html"/></parameter><parameter><code><system value="http://hl7.org/fhir/tools/CodeSystem/ig-parameters"/><code value="template-md"/></code><value value="template-page-md.html"/></parameter><parameter><code><system value="http://hl7.org/fhir/tools/CodeSystem/ig-parameters"/><code value="apply-contact"/></code><value value="true"/></parameter><parameter><code><system value="http://hl7.org/fhir/tools/CodeSystem/ig-parameters"/><code value="apply-context"/></code><value value="true"/></parameter><parameter><code><system value="http://hl7.org/fhir/tools/CodeSystem/ig-parameters"/><code value="apply-copyright"/></code><value value="true"/></parameter><parameter><code><system value="http://hl7.org/fhir/tools/CodeSystem/ig-parameters"/><code value="apply-jurisdiction"/></code><value value="true"/></parameter><parameter><code><system value="http://hl7.org/fhir/tools/CodeSystem/ig-parameters"/><code value="apply-license"/></code><value value="true"/></parameter><parameter><code><system value="http://hl7.org/fhir/tools/CodeSystem/ig-parameters"/><code value="apply-publisher"/></code><value value="true"/></parameter><parameter><code><system value="http://hl7.org/fhir/tools/CodeSystem/ig-parameters"/><code value="apply-version"/></code><value value="true"/></parameter><parameter><code><system value="http://hl7.org/fhir/tools/CodeSystem/ig-parameters"/><code value="apply-wg"/></code><value value="true"/></parameter><parameter><code><system value="http://hl7.org/fhir/tools/CodeSystem/ig-parameters"/><code value="active-tables"/></code><value value="true"/></parameter><parameter><code><system value="http://hl7.org/fhir/tools/CodeSystem/ig-parameters"/><code value="fmm-definition"/></code><value value="http://hl7.org/fhir/versions.html#maturity"/></parameter><parameter><code><system value="http://hl7.org/fhir/tools/CodeSystem/ig-parameters"/><code value="propagate-status"/></code><value value="true"/></parameter><parameter><code><system value="http://hl7.org/fhir/tools/CodeSystem/ig-parameters"/><code value="excludelogbinaryformat"/></code><value value="true"/></parameter><parameter><code><system value="http://hl7.org/fhir/tools/CodeSystem/ig-parameters"/><code value="tabbed-snapshots"/></code><value value="true"/></parameter></definition></ImplementationGuide>